{
   "N2DH-GOWT1": {
      "Calculated number": [
         24,
         23,
         24,
         23,
         30,
         28
      ],
      "Ground truth number": [
         23,
         24,
         22,
         25,
         30,
         28
      ],
      "Absolute difference": [
         1,
         -1,
         2,
         -2,
         0,
         0
      ],
      "Relative difference": [
         0.043478260869565216,
         -0.041666666666666664,
         0.09090909090909091,
         -0.08,
         0.0,
         0.0
      ]
   },
   "N2DL-HeLa": {
      "Calculated number": [
         58,
         107,
         365,
         329
      ],
      "Ground truth number": [
         59,
         109,
         349,
         342
      ],
      "Absolute difference": [
         -1,
         -2,
         16,
         -13
      ],
      "Relative difference": [
         -0.01694915254237288,
         -0.01834862385321101,
         0.045845272206303724,
         -0.038011695906432746
      ]
   }
}