{
  "Median filter": {
    "N2DH-GOWT1":{
      "Filter sizes":[3, 10, 17, 24, 31, 38, 45, 52, 59, 66],
      "Dice Score": [[0.8479139784946237, 0.772994541748983, 0.8411010895129797, 0.7076232217867884, 0.7912471970927085, 0.7471465279064335, 0.8369076081853182, 0.497013767694396, 0.4020790099540313, 0.3915098104953941], [0.7897543357524959, 0.7904091613980675, 0.783714925116199, 0.7546124810385578, 0.7607582821870418, 0.4921708831671316, 0.7325998113800691, 0.6786045422617654, 0.7489501069702332, 0.46966655175443933], [0.7991618631153515, 0.7981738035264484, 0.8244888043082156, 0.7640235753692218, 0.777647994853825, 0.740759467187391, 0.7642344283657982, 0.714603633397466, 0.7970652313212867, 0.2855305336991147], [0.7936914767322101, 0.7893883170212598, 0.7878624238622015, 0.7625229201486361, 0.7732857613525871, 0.7369552989445125, 0.7549274702400313, 0.7039490941707072, 0.7807748896517901, 0.5739546397892993], [0.8372021654002431, 0.7170473066369581, 0.8247690694330192, 0.7936591946196098, 0.8663350506306626, 0.8388310960606135, 0.6476747699087003, 0.7580376015129603, 0.6064941068542535, 0.5876436121932183], [0.83254629515168, 0.7248352460530908, 0.8163008767530299, 0.7857810304832228, 0.7471573988846175, 0.6960220869957179, 0.7889828754720886, 0.737596107842939, 0.7828650914050859, 0.7789859997281501]]
  },
    "N2DL-HeLa first test": {
      "Filter sizes": [3, 10, 17, 24, 31, 38, 45, 52, 59, 66],
      "Dice Score": [[0.8094356175065796, 0.6754931697921048, 0.6654856282386288, 0.6457212443263589, 0.6038520222010924, 0.4592460075050179, 0.34946496983574793, 0.0975463536116911, 0.27973899949807596, 0.08449513987648694], [0.4501746797537847, 0.7945511541749787, 0.77087754699695, 0.42899891186071815, 0.6438624375187156, 0.3061523806643785, 0.18675461610401647, 0.17510062061729786, 0.16761898205516546, 0.16493192110025887], [0.7964151756780931, 0.7756071742905397, 0.7381432865303833, 0.6658857886550488, 0.1270199817957406, 0.36047357877598796, 0.08864263288534009, 0.22320954907161802, 0.06444604323402309, 0.063250444134331], [0.7944762573683278, 0.772630246286564, 0.14223650206048752, 0.13891410508870672, 0.5456153328850034, 0.10887678629614113, 0.264095336223488, 0.07483205385449788, 0.06733100922042923, 0.06587656987515478]]
    },
    "N2DL-HeLa second test": {
      "Filter sizes":[7, 8, 9, 10, 11, 12],
      "Dice Score": [[0.6763963325508261, 0.7947425208435508, 0.6760881603721343, 0.6754931697921048, 0.7939946338383839, 0.673888962736497], [0.8062865165994837, 0.44833476952847445, 0.8011150301513256, 0.7945511541749787, 0.7949901723271016, 0.4471110976770898], [0.14109955876606978, 0.14108306965041365, 0.7829564372508013, 0.7756071742905397, 0.14075150706473827, 0.766568328835325], [0.7874398389872531, 0.14256048274449185, 0.7800328387966927, 0.772630246286564, 0.14252057958058628, 0.7651363230344224]]
    }
  }
}