{
   "No preprocessing": {
      "N2DH-GOWT1": {
         "Dice Score": [
            0.5705017182130584,
            0.5737820758716763,
            0.568002229254991,
            0.5830196570472606,
            0.6502180828858916,
            0.588161094224924
         ],
         "MSD": [
            5.705566101800185,
            17.763281098067594,
            16.819300205303207,
            16.494438292687867,
            1.121033076742499,
            3.462105864291363
         ],
         "Hausdorff": [
            204.29880077964236,
            261.2680615766114,
            296.56871041969345,
            271.9503631179778,
            251.82930726982514,
            198.92963580120485
         ]
      },
      "N2DL-HeLa": {
         "Dice Score": [
            0.6855886556007476,
            0.6478693311433525,
            0.768458046124376,
            0.7660179019659928
         ],
         "MSD": [
            11.28684834365865,
            8.323423729497703,
            3.365012829582447,
            3.3749808940219816
         ],
         "Hausdorff": [
            180.24705268048075,
            195.64508682816444,
            89.06739021662193,
            99.45853407325085
         ]
      },
      "NIH3T3": {
         "Dice Score": [
            0.8943783223933183,
            0.8845252721173281,
            0.8133777288472382,
            0.7026585714883163,
            0.7528567225654604,
            0.647632667167185,
            0.6095864948254034,
            0.7237186625334818,
            0.028995403964229303,
            0.42998864378556173,
            0.0,
            0.680536637820677,
            0.00021090001581750118,
            0.5789127665023891,
            0.6286483663940449,
            0.07605520913993832,
            0.06919951480604966,
            0.7965485556767932
         ],
         "MSD": [
            0.309277906083049,
            0.3659903849689511,
            3.5417495577066096,
            7.325017329744345,
            4.786358610013496,
            9.83096916735526,
            8.575794530461787,
            4.69873246348474,
            103.53648926445392,
            30.84337725008104,
            217.7080839346419,
            26.363274462306514,
            364.21234131503354,
            12.012014320957384,
            12.523965162521515,
            100.71109908298165,
            151.74748557883356,
            4.2082724787505885
         ],
         "Hausdorff": [
            62.0,
            75.18643494673756,
            104.20172743289815,
            160.9751533622503,
            155.3479964466874,
            193.98195792392653,
            125.8729518204765,
            143.05593311708537,
            491.4275124573308,
            274.4485379811669,
            621.9742759953983,
            255.32724100651697,
            892.4152620837455,
            168.24089871371942,
            134.41726079637243,
            417.68049990393376,
            479.8426825533552,
            128.03515142334936
         ]
      }
   },
   "Median filter": {
      "N2DH-GOWT1": {
         "Dice Score": [
            0.6166031771402186,
            0.5550575136108723,
            0.605884405163391,
            0.5735818673756939,
            0.6321101186978494,
            0.6449745134214729
         ],
         "MSD": [
            13.537323981093486,
            26.21651995329284,
            24.572387729189554,
            28.027057439898506,
            13.326571334364417,
            14.110981488617124
         ],
         "Hausdorff": [
            203.9730374338726,
            265.37709019431196,
            267.9178978717174,
            280.8558349046713,
            298.8009370801906,
            280.3711825420009
         ]
      },
      "N2DL-HeLa": {
         "Dice Score": [
            0.6704939919893191,
            0.6356693089350738,
            0.7560434476944662,
            0.7557799085304513
         ],
         "MSD": [
            12.086381397755114,
            16.15522476033665,
            3.98345299989475,
            4.124557063236293
         ],
         "Hausdorff": [
            180.29420401111068,
            184.94593804677083,
            90.24965373894794,
            99.32774033471213
         ]
      },
      "NIH3T3": {
         "Dice Score": [
            0.8952048599362653,
            0.8853958660027541,
            0.829794258204511,
            0.7042036447702981,
            0.7534008603617911,
            0.6482568947273091,
            0.6105684553135826,
            0.7258978579722499,
            0.028643984733504612,
            0.4469185328610601,
            0.0,
            0.6826547266062258,
            0.00021072595090085343,
            0.5782924914859557,
            0.6287249796681355,
            0.0682827066846328,
            0.06877065559095673,
            0.7981056177092817
         ],
         "MSD": [
            0.3382194061184889,
            0.43124812328536943,
            3.726034506460189,
            7.484017602562485,
            4.852009898789984,
            9.992678305399487,
            9.055270558366008,
            5.172493662468025,
            110.6049178584101,
            35.48453486407525,
            218.16908649483545,
            26.538399257534074,
            364.26042790005505,
            13.967007699876264,
            12.624798669553218,
            105.58115467559239,
            163.9004929390547,
            4.244176401114434
         ],
         "Hausdorff": [
            61.0,
            73.00684899377592,
            104.1393297462587,
            160.9751533622503,
            155.3479964466874,
            193.34942461771124,
            125.32358118087753,
            142.0563268566381,
            491.92682382647115,
            305.1311193569086,
            621.9742759953983,
            255.32724100651697,
            892.9434472574397,
            267.5556016980396,
            134.41726079637243,
            419.84878230143767,
            479.98541644512494,
            128.03515142334936
         ]
      }
   },
   "Gaussian filter": {
      "N2DH-GOWT1": {
         "Dice Score": [
            0.615780998389694,
            0.5548411880067123,
            0.626139188069594,
            0.6493726479756219,
            0.6007616910722721,
            0.6180670921861794
         ],
         "MSD": [
            33.064827493666556,
            49.08848310146063,
            36.30882431773958,
            34.29244965592068,
            33.0467223073565,
            32.6883555787405
         ],
         "Hausdorff": [
            253.65330670030698,
            288.9792380085462,
            273.69508581631493,
            281.298773548695,
            299.7665758552811,
            299.6681497923995
         ]
      },
      "N2DL-HeLa": {
         "Dice Score": [
            0.7309227425409998,
            0.6804227833235467,
            0.7441162094368947,
            0.7445022779175313
         ],
         "MSD": [
            9.279163792073495,
            6.933169876524198,
            3.7984709619559687,
            3.909866222256453
         ],
         "Hausdorff": [
            177.55280904564702,
            111.31936040060597,
            89.55445270895244,
            99.32774033471213
         ]
      },
      "NIH3T3": {
         "Dice Score": [
            0.8988596270993829,
            0.8976477659052224,
            0.817100018332341,
            0.710728937138353,
            0.7548048516361001,
            0.6491318031491248,
            0.6258393893535995,
            0.7001901463972668,
            0.029023925446153755,
            0.43017249263211305,
            0.0,
            0.6768810679611651,
            0.00017522417743200206,
            0.573573096110283,
            0.6123107449173154,
            0.047557555055680524,
            0.07249012723031972,
            0.7875442420504482
         ],